Position;CDS Mutation;AA Mutation;Legacy Mutation ID;Count;Type;Coordinate
;c.?;p.?;COSM43617;6937;Unknown;Unknown
175;c.524G>A;p.R175H;COSM10648;2108;Substitution - Missense;chr17_7675088
248;c.743G>A;p.R248Q;COSM10662;1434;Substitution - Missense;chr17_7674220
273;c.818G>A;p.R273H;COSM10660;1323;Substitution - Missense;chr17_7673802
273;c.817C>T;p.R273C;COSM10659;1273;Substitution - Missense;chr17_7673803
248;c.742C>T;p.R248W;COSM10656;1104;Substitution - Missense;chr17_7674221
282;c.844C>T;p.R282W;COSM10704;1018;Substitution - Missense;chr17_7673776
213;c.637C>T;p.R213*;COSM10654;798;Substitution - Nonsense;chr17_7674894
245;c.733G>A;p.G245S;COSM6932;702;Substitution - Missense;chr17_7674230
220;c.659A>G;p.Y220C;COSM10758;643;Substitution - Missense;chr17_7674872
249;c.747G>T;p.R249S;COSM10817;548;Substitution - Missense;chr17_7674216
196;c.586C>T;p.R196*;COSM10705;537;Substitution - Nonsense;chr17_7674945
342;c.1024C>T;p.R342*;COSM11073;474;Substitution - Nonsense;chr17_7670685
306;c.916C>T;p.R306*;COSM10663;398;Substitution - Nonsense;chr17_7673704
157;c.469G>T;p.V157F;COSM10670;353;Substitution - Missense;chr17_7675143
179;c.536A>G;p.H179R;COSM10889;319;Substitution - Missense;chr17_7675076
285;c.853G>A;p.E285K;COSM10722;307;Substitution - Missense;chr17_7673767
163;c.488A>G;p.Y163C;COSM10808;300;Substitution - Missense;chr17_7675124
176;c.527G>T;p.C176F;COSM10645;295;Substitution - Missense;chr17_7675085
175;c.?;p.R175H;COSM144210;273;Substitution - Missense;Unknown
273;c.818G>T;p.R273L;COSM10779;267;Substitution - Missense;chr17_7673802
241;c.722C>T;p.S241F;COSM10812;252;Substitution - Missense;chr17_7674241
245;c.734G>A;p.G245D;COSM43606;246;Substitution - Missense;chr17_7674229
192;c.574C>T;p.Q192*;COSM10733;227;Substitution - Nonsense;chr17_7674957
195;c.584T>C;p.I195T;COSM11089;214;Substitution - Missense;chr17_7674947
179;c.535C>T;p.H179Y;COSM10768;211;Substitution - Missense;chr17_7675077
193;c.578A>G;p.H193R;COSM10742;203;Substitution - Missense;chr17_7674953
286;c.856G>A;p.E286K;COSM10726;202;Substitution - Missense;chr17_7673764
234;c.701A>G;p.Y234C;COSM10725;201;Substitution - Missense;chr17_7674262
237;c.711G>A;p.M237I;COSM10834;194;Substitution - Missense;chr17_7674252
278;c.832C>T;p.P278S;COSM10939;193;Substitution - Missense;chr17_7673788
238;c.713G>A;p.C238Y;COSM11059;187;Substitution - Missense;chr17_7674250
272;c.814G>A;p.V272M;COSM10891;186;Substitution - Missense;chr17_7673806
273;c.?;p.R273C;COSM144162;168;Substitution - Missense;Unknown
72;c.215C>G;p.P72R;COSM250061;168;Substitution - Missense;chr17_7676154
216;c.646G>A;p.V216M;COSM10667;165;Substitution - Missense;chr17_7674885
236;c.707A>G;p.Y236C;COSM10731;162;Substitution - Missense;chr17_7674256
158;c.473G>A;p.R158H;COSM10690;162;Substitution - Missense;chr17_7675139
248;c.?;p.R248Q;COSM87196;161;Substitution - Missense;Unknown
176;c.527G>A;p.C176Y;COSM10687;161;Substitution - Missense;chr17_7675085
158;c.473G>T;p.R158L;COSM10714;159;Substitution - Missense;chr17_7675139
337;c.1009C>T;p.R337C;COSM11071;158;Substitution - Missense;chr17_7670700
214;c.641A>G;p.H214R;COSM43687;156;Substitution - Missense;chr17_7674890
205;c.614A>G;p.Y205C;COSM43947;155;Substitution - Missense;chr17_7674917
273;c.?;p.R273H;COSM133677;155;Substitution - Missense;Unknown
248;c.743G>T;p.R248L;COSM6549;155;Substitution - Missense;chr17_7674220
152;c.455C>T;p.P152L;COSM10790;154;Substitution - Missense;chr17_7675157
280;c.839G>C;p.R280T;COSM10724;152;Substitution - Missense;chr17_7673781
141;c.422G>A;p.C141Y;COSM43708;151;Substitution - Missense;chr17_7675190
245;c.734G>T;p.G245V;COSM11196;149;Substitution - Missense;chr17_7674229
266;c.797G>A;p.G266E;COSM10867;148;Substitution - Missense;chr17_7673823
280;c.839G>A;p.R280K;COSM10728;145;Substitution - Missense;chr17_7673781
242;c.725G>T;p.C242F;COSM10810;143;Substitution - Missense;chr17_7674238
278;c.833C>T;p.P278L;COSM10863;142;Substitution - Missense;chr17_7673787
194;c.581T>G;p.L194R;COSM44571;139;Substitution - Missense;chr17_7674950
151;c.451C>T;p.P151S;COSM10905;139;Substitution - Missense;chr17_7675161
245;c.733G>T;p.G245C;COSM11081;136;Substitution - Missense;chr17_7674230
248;c.?;p.R248W;COSM144150;132;Substitution - Missense;Unknown
173;c.517G>T;p.V173L;COSM43559;132;Substitution - Missense;chr17_7675095
298;c.892G>T;p.E298*;COSM10710;132;Substitution - Nonsense;chr17_7673728
173;c.517G>A;p.V173M;COSM11084;132;Substitution - Missense;chr17_7675095
135;c.404G>A;p.C135Y;COSM10801;128;Substitution - Missense;chr17_7675208
294;c.880G>T;p.E294*;COSM10856;127;Substitution - Nonsense;chr17_7673740
331;c.991C>T;p.Q331*;COSM11354;127;Substitution - Nonsense;chr17_7673537
266;c.796G>A;p.G266R;COSM10794;127;Substitution - Missense;chr17_7673824
127;c.380C>T;p.S127F;COSM44226;126;Substitution - Missense;chr17_7675232
275;c.824G>A;p.C275Y;COSM10893;116;Substitution - Missense;chr17_7673796
209;c.626_627del;p.R209Kfs*6;COSM6482;114;Deletion - Frameshift;Unknown
317;c.949C>T;p.Q317*;COSM10786;113;Substitution - Nonsense;chr17_7673579
132;c.395A>G;p.K132R;COSM11582;112;Substitution - Missense;chr17_7675217
193;c.577C>T;p.H193Y;COSM10672;105;Substitution - Missense;chr17_7674954
135;c.404G>T;p.C135F;COSM10647;104;Substitution - Missense;chr17_7675208
275;c.824G>T;p.C275F;COSM10701;102;Substitution - Missense;chr17_7673796
258;c.772G>A;p.E258K;COSM10988;101;Substitution - Missense;chr17_7674191
238;c.713G>T;p.C238F;COSM43778;100;Substitution - Missense;chr17_7674250
;c.376-1G>A;p.?;COSM6900;98;Unknown;Unknown
282;c.?;p.R282W;COSM96436;97;Substitution - Missense;Unknown
250;c.749C>T;p.P250L;COSM10771;97;Substitution - Missense;chr17_7674214
146;c.438G>A;p.W146*;COSM10727;96;Substitution - Nonsense;chr17_7675174
193;c.578A>T;p.H193L;COSM11066;96;Substitution - Missense;chr17_7674953
161;c.481G>A;p.A161T;COSM10739;95;Substitution - Missense;chr17_7675131
246;c.736A>G;p.M246V;COSM43555;94;Substitution - Missense;chr17_7674227
213;c.638G>A;p.R213Q;COSM10735;93;Substitution - Missense;chr17_7674893
266;c.797G>T;p.G266V;COSM10958;93;Substitution - Missense;chr17_7673823
242;c.725G>A;p.C242Y;COSM10646;93;Substitution - Missense;chr17_7674238
244;c.730G>T;p.G244C;COSM11524;92;Substitution - Missense;chr17_7674233
136;c.406C>T;p.Q136*;COSM11166;91;Substitution - Nonsense;chr17_7675206
213;c.638G>T;p.R213L;COSM43650;90;Substitution - Missense;chr17_7674893
271;c.811G>A;p.E271K;COSM10719;90;Substitution - Missense;chr17_7673809
239;c.715A>G;p.N239D;COSM10777;90;Substitution - Missense;chr17_7674248
190;c.569C>T;p.P190L;COSM43657;89;Substitution - Missense;chr17_7674962
159;c.476C>T;p.A159V;COSM11148;89;Substitution - Missense;chr17_7675136
110;c.329G>T;p.R110L;COSM10716;88;Substitution - Missense;chr17_7676040
198;c.592G>T;p.E198*;COSM44241;88;Substitution - Nonsense;chr17_7674939
154;c.461G>T;p.G154V;COSM6815;87;Substitution - Missense;chr17_7675151
220;c.?;p.Y220C;COSM96438;85;Substitution - Missense;Unknown
165;c.493C>T;p.Q165*;COSM43632;84;Substitution - Nonsense;chr17_7675119
237;c.711G>T;p.M237I;COSM11063;84;Substitution - Missense;chr17_7674252
204;c.610G>T;p.E204*;COSM10804;84;Substitution - Nonsense;chr17_7674921
245;c.?;p.G245S;COSM145022;83;Substitution - Missense;Unknown
213;c.?;p.R213*;COSM166368;81;Substitution - Nonsense;Unknown
;c.559+1G>A;p.?;COSM6901;80;Unknown;Unknown
277;c.830G>T;p.C277F;COSM10749;80;Substitution - Missense;chr17_7673790
146;c.437G>A;p.W146*;COSM43609;80;Substitution - Nonsense;chr17_7675174
272;c.814G>T;p.V272L;COSM10859;80;Substitution - Missense;chr17_7673806
159;c.475G>C;p.A159P;COSM43836;80;Substitution - Missense;chr17_7675137
179;c.536A>T;p.H179L;COSM43635;79;Substitution - Missense;chr17_7675076
244;c.731G>A;p.G244D;COSM10883;79;Substitution - Missense;chr17_7674232
244;c.730G>A;p.G244S;COSM10941;78;Substitution - Missense;chr17_7674233
241;c.722C>G;p.S241C;COSM10709;75;Substitution - Missense;chr17_7674241
249;c.746G>T;p.R249M;COSM43871;74;Substitution - Missense;chr17_7674217
;c.993+1G>A;p.?;COSM44295;74;Unknown;Unknown
280;c.838A>G;p.R280G;COSM11123;73;Substitution - Missense;chr17_7673782
144;c.430C>T;p.Q144*;COSM11245;72;Substitution - Nonsense;chr17_7675182
267;c.799C>T;p.R267W;COSM11183;71;Substitution - Missense;chr17_7673821
91;c.273G>A;p.W91*;COSM44492;71;Substitution - Nonsense;chr17_7676096
;c.560-1G>A;p.?;COSM43753;71;Unknown;Unknown
132;c.396G>C;p.K132N;COSM43963;71;Substitution - Missense;chr17_7675216
339;c.1015G>T;p.E339*;COSM11286;70;Substitution - Nonsense;chr17_7670694
125;c.375G>T;p.T125=;COSM45940;70;Substitution - coding silent;chr17_7675994
278;c.833C>G;p.P278R;COSM10887;68;Substitution - Missense;chr17_7673787
337;c.1010G>T;p.R337L;COSM11411;67;Substitution - Missense;chr17_7670699
249;c.745A>G;p.R249G;COSM10668;67;Substitution - Missense;chr17_7674218
278;c.832C>A;p.P278T;COSM43697;67;Substitution - Missense;chr17_7673788
281;c.841G>C;p.D281H;COSM10943;67;Substitution - Missense;chr17_7673779
282;c.844C>G;p.R282G;COSM10992;67;Substitution - Missense;chr17_7673776
171;c.511G>T;p.E171*;COSM10996;66;Substitution - Nonsense;chr17_7675101
196;c.?;p.R196*;COSM143787;66;Substitution - Nonsense;Unknown
274;c.820G>T;p.V274F;COSM10769;65;Substitution - Missense;chr17_7673800
;c.559+1G>T;p.?;COSM44268;65;Unknown;Unknown
195;c.583A>T;p.I195F;COSM44633;64;Substitution - Missense;chr17_7674948
249;c.745A>T;p.R249W;COSM43629;64;Substitution - Missense;chr17_7674218
;c.673-2A>G;p.?;COSM6908;64;Unknown;Unknown
183;c.548C>G;p.S183*;COSM10706;63;Substitution - Nonsense;chr17_7675064
279;c.836G>A;p.G279E;COSM43714;61;Substitution - Missense;chr17_7673784
100;c.298C>T;p.Q100*;COSM44032;61;Substitution - Nonsense;chr17_7676071
259;c.775G>T;p.D259Y;COSM11552;60;Substitution - Missense;chr17_7674188
234;c.700T>C;p.Y234H;COSM11152;60;Substitution - Missense;chr17_7674263
;c.672+1G>T;p.?;COSM13586;60;Unknown;Unknown
167;c.499C>T;p.Q167*;COSM11333;59;Substitution - Nonsense;chr17_7675113
273;c.818G>C;p.R273P;COSM43896;59;Substitution - Missense;chr17_7673802
;c.375+1G>A;p.?;COSM45304;58;Unknown;Unknown
255;c.763A>T;p.I255F;COSM43651;58;Substitution - Missense;chr17_7674200
151;c.452C>A;p.P151H;COSM11476;57;Substitution - Missense;chr17_7675160
262;c.785G>T;p.G262V;COSM11198;57;Substitution - Missense;chr17_7673835
172;c.514G>T;p.V172F;COSM44240;57;Substitution - Missense;chr17_7675098
242;c.723del;p.C242Afs*5;COSM6530;56;Deletion - Frameshift;Unknown
132;c.396G>T;p.K132N;COSM10991;56;Substitution - Missense;chr17_7675216
181;c.542G>A;p.R181H;COSM10738;55;Substitution - Missense;chr17_7675070
104;c.310C>T;p.Q104*;COSM10886;55;Substitution - Nonsense;chr17_7676059
143;c.427G>A;p.V143M;COSM43878;55;Substitution - Missense;chr17_7675185
283;c.848G>C;p.R283P;COSM10743;54;Substitution - Missense;chr17_7673772
215;c.644G>T;p.S215I;COSM11450;54;Substitution - Missense;chr17_7674887
110;c.329G>C;p.R110P;COSM11250;54;Substitution - Missense;chr17_7676040
;c.920-2A>G;p.?;COSM33650;54;Unknown;Unknown
281;c.841G>A;p.D281N;COSM43596;54;Substitution - Missense;chr17_7673779
286;c.856G>T;p.E286*;COSM43919;52;Substitution - Nonsense;chr17_7673764
;c.376-2A>G;p.?;COSM45672;52;Unknown;Unknown
239;c.716A>G;p.N239S;COSM44094;52;Substitution - Missense;chr17_7674247
278;c.832C>G;p.P278A;COSM10814;52;Substitution - Missense;chr17_7673788
258;c.772G>T;p.E258*;COSM43568;51;Substitution - Nonsense;chr17_7674191
342;c.1025G>C;p.R342P;COSM45276;50;Substitution - Missense;chr17_7670684
;c.993+352C>T;p.?;COSN31978259;50;Unknown;Unknown
336;c.1006G>T;p.E336*;COSM11291;50;Substitution - Nonsense;chr17_7670703
194;c.580C>T;p.L194F;COSM10995;50;Substitution - Missense;chr17_7674951